

insert into adminuser(id,userId,passwd,isAdmin) values 
('3','staff','795518fb9bd6ac9f5297818047afa064','0'),('2','test','628b13974439e1c89830db275c78ffc0','0'),('1','luobo525','de9bae913dd33a2a27fdf44e49f6f14b','1');

insert into bills(id,bno,useScore,useCard,useScoreAsMoney,price,discount,orgPrice,staffid,memberId,tm,dateDay,memberScore,memberCard,remark,priceTrue,getScore,isBuyScore) values 
('146','20150510000008','1162','0.00','0.00','16100','1.00','20000','1','4','1431244924','20150510','161.00','15.00','','0','161','1'),('145','20150510000007','1162','0.00','0.00','16100','1.00','20000','1','4','1431244803','20150510','1162.00','15.00','','0','161','1'),('144','20150510000006','1142','0.00','0.00','16200','1.00','20000','1','4','1431244719','20150510','1142.00','15.00','','0','162','1'),('143','20150510000005','1734','0.00','0.00','14200','1.00','20000','1','4','1431243686','20150510','1734.00','15.00','','0','142','1'),('142','20150510000004','1000','0.00','0.00','16700','1.00','20000','1','4','1431243513','20150510','-2433.00','15.00','','0','167','0'),('141','20150510000003','1000','0.00','0.00','16700','1.00','20000','1','4','1431243199','20150510','-1600.00','15.00','','0','167','0'),('140','20150510000002','1000','0.00','0.00','-80000','1.00','20000','1','4','1431243137','20150510','200.00','15.00','','0','-800','0'),('139','20150510000001','1000','0.00','0.00','20000','1.00','20000','1','4','1431242944','20150510','1000.00','15.00','','0','200','0'),('138','20150509000010','0','10.00','0.00','311000','0.80','390000','1','7','1431169985','20150509','249600.00','20.00','','0','3120','0'),('137','20150509000009','0','10.00','0.00','311000','0.80','390000','1','7','1431169974','20150509','246480.00','30.00','','0','3120','0'),('136','20150509000008','0','10.00','0.00','311000','0.80','390000','1','7','1431169902','20150509','243360.00','40.00','','0','3120','0'),('135','20150509000007','0','0.00','0.00','312000','0.80','390000','1','7','1431168643','20150509','240240.00','40.00','','0','3120','0'),('134','20150509000006','0','0.00','0.00','312000','0.80','390000','1','7','1431168478','20150509','237120.00','40.00','','0','0','0'),('133','20150509000005','0','0.00','0.00','312000','0.80','390000','1','7','1431168439','20150509','234000.00','40.00','','0','0','0'),('132','20150509000004','0','0.00','0.00','312000','0.80','390000','1','7','1431168330','20150509','230880.00','40.00','','0','0','0'),('131','20150509000003','0','0.00','0.00','312000','0.80','390000','1','7','1431168280','20150509','227760.00','40.00','','0','0','0'),('130','20150509000002','0','0.00','0.00','312000','0.80','390000','1','7','1431168258','20150509','224640.00','40.00','','0','0','0'),('129','20150509000001','0','0.00','0.00','312000','0.80','390000','1','7','1431168234','20150509','221520.00','40.00','','0','0','0'),('128','20150503000081','0','0.00','0.00','2147483600','1.00','2147483647','1','4','1430653280','20150503','0.00','0.00','','0','0','0'),('127','20150503000080','0','0.00','0.00','2147483600','1.00','2147483647','1','0','1430653231','20150503','0.00','0.00','','0','0','0'),('126','20150503000079','0','0.00','0.00','2147483600','1.00','2147483647','1','0','1430653209','20150503','0.00','0.00','','0','0','0'),('125','20150503000078','0','0.00','0.00','2147483600','1.00','2147483647','1','0','1430653158','20150503','0.00','0.00','','0','0','0'),('124','20150503000077','0','0.00','0.00','2147483600','1.00','2147483647','1','0','1430653112','20150503','0.00','0.00','','0','0','0'),('123','20150503000076','0','0.00','0.00','2147483600','1.00','2147483647','1','0','1430653080','20150503','0.00','0.00','','0','0','0'),('122','20150503000075','0','0.00','0.00','312000','0.80','390000','1','7','1430652269','20150503','218400.00','20.00','','0','0','0'),('121','20150503000074','0','0.00','0.00','312000','0.80','390000','1','7','1430652250','20150503','215280.00','20.00','','0','0','0'),('120','20150503000073','0','0.00','0.00','312000','0.80','390000','1','7','1430652191','20150503','212160.00','20.00','','0','0','0'),('119','20150503000072','0','10.00','0.00','1500','1.00','2500','1','6','1430651279','20150503','105990.00','10.00','','0','0','0'),('118','20150503000071','0','10.00','0.00','311000','0.80','390000','1','7','1430651043','20150503','118560.00','10.00','','0','0','0'),('116','20150503000070','0','0.00','0.00','353300','0.90','392500','1','6','1430646966','20150503','0.00','0.00','','0','0','0'),('115','20150503000069','0','0.00','0.00','5200','0.88','5900','1','7','1430646772','20150503','0.00','0.00','','0','0','0'),('114','20150503000068','0','0.00','0.00','20800','1.00','20800','1','2','1430644426','20150503','212510.00','0.00','','0','0','0'),('113','20150503000067','0','0.00','0.00','20800','1.00','20800','1','2','1430644365','20150503','206270.00','0.00','','0','0','0'),('112','20150503000066','0','0.00','0.00','20800','1.00','20800','1','2','1430644217','20150503','200030.00','0.00','','0','0','0'),('111','20150503000065','0','0.00','0.00','20800','1.00','20800','1','2','1430644199','20150503','193790.00','0.00','','0','0','0'),('110','20150503000064','0','0.00','0.00','20800','1.00','20800','1','2','1430644129','20150503','193790.00','0.00','','0','0','0'),('109','20150503000063','0','0.00','0.00','20800','1.00','20800','1','2','1430644085','20150503','193790.00','0.00','','0','0','0'),('108','20150503000062','0','0.00','0.00','20800','1.00','20800','1','2','1430644062','20150503','193790.00','0.00','','0','0','0'),('107','20150503000061','0','0.00','0.00','20800','1.00','20800','1','2','1430643750','20150503','193790.00','0.00','','0','0','0'),('106','20150503000060','0','0.00','0.00','20800','1.00','20800','1','2','1430643640','20150503','193790.00','0.00','','0','0','0'),('105','20150503000059','0','0.00','0.00','390000','1.00','390000','1','7','1430643538','20150503','0.00','0.00','','0','0','0'),('104','20150503000058','0','0.00','0.00','390000','1.00','390000','1','4','1430643262','20150503','0.00','0.00','','0','0','0'),('103','20150503000057','0','0.00','0.00','390000','1.00','390000','1','0','1430643241','20150503','0.00','0.00','','0','0','0'),('102','20150503000056','0','0.00','0.00','390000','1.00','390000','1','0','1430643187','20150503','0.00','0.00','','0','0','0'),('101','20150503000055','0','0.00','0.00','390000','1.00','390000','1','0','1430641781','20150503','0.00','0.00','','0','0','0'),('100','20150503000054','0','0.00','0.00','390000','1.00','390000','1','0','1430641608','20150503','0.00','0.00','','0','0','0'),('99','20150503000053','0','0.00','0.00','390000','1.00','390000','1','0','1430641589','20150503','0.00','0.00','','0','0','0'),('98','20150503000052','0','0.00','0.00','390000','1.00','390000','1','0','1430641542','20150503','0.00','0.00','','0','0','0'),('97','20150503000051','0','0.00','0.00','390000','1.00','390000','1','0','1430641540','20150503','0.00','0.00','','0','0','0'),('96','20150503000050','0','0.00','0.00','390000','1.00','390000','1','0','1430641256','20150503','0.00','0.00','','0','0','0'),('95','20150503000049','0','0.00','0.00','390000','1.00','390000','1','0','1430641084','20150503','0.00','0.00','','0','0','0'),('94','20150503000048','0','0.00','0.00','390000','1.00','390000','1','0','1430641029','20150503','0.00','0.00','','0','0','0'),('93','20150503000047','0','0.00','0.00','390000','1.00','390000','1','0','1430640977','20150503','0.00','0.00','','0','0','0'),('92','20150503000046','0','0.00','0.00','390000','1.00','390000','1','0','1430640941','20150503','0.00','0.00','','0','0','0'),('91','20150503000045','0','0.00','0.00','390000','1.00','390000','1','0','1430640917','20150503','0.00','0.00','','0','0','0'),('90','20150503000044','0','0.00','0.00','390000','1.00','390000','1','0','1430640841','20150503','0.00','0.00','','0','0','0'),('89','20150503000043','0','0.00','0.00','390000','1.00','390000','1','0','1430640801','20150503','0.00','0.00','','0','0','0'),('88','20150503000042','0','0.00','0.00','390000','1.00','390000','1','0','1430640768','20150503','0.00','0.00','','0','0','0'),('87','20150503000041','0','0.00','0.00','390000','1.00','390000','1','0','1430640672','20150503','0.00','0.00','','0','0','0'),('86','20150503000040','0','0.00','0.00','390000','1.00','390000','1','0','1430640617','20150503','0.00','0.00','','0','0','0'),('85','20150503000039','0','0.00','0.00','390000','1.00','390000','1','2','1430640372','20150503','0.00','0.00','','0','0','0'),('84','20150503000038','0','0.00','0.00','2147483600','1.00','2147483647','1','0','1430640368','20150503','0.00','0.00','','0','0','0'),('83','20150503000037','0','0.00','0.00','2147483600','1.00','2147483647','1','0','1430640363','20150503','0.00','0.00','','0','0','0'),('82','20150503000036','0','0.00','0.00','390000','1.00','390000','1','0','1430640329','20150503','0.00','0.00','','0','0','0'),('81','20150503000035','0','0.00','0.00','390000','1.00','390000','1','0','1430640287','20150503','0.00','0.00','','0','0','0'),('80','20150503000034','0','0.00','0.00','390000','1.00','390000','1','0','1430640243','20150503','0.00','0.00','','0','0','0'),('79','20150503000033','0','0.00','0.00','2147483600','1.00','2147483647','1','0','1430640236','20150503','0.00','0.00','','0','0','0'),('78','20150503000032','0','0.00','0.00','390000','1.00','390000','1','0','1430640117','20150503','0.00','0.00','','0','0','0'),('77','20150503000031','0','0.00','0.00','390000','1.00','390000','1','0','1430640061','20150503','0.00','0.00','','0','0','0'),('76','20150503000030','0','0.00','0.00','2147483600','1.00','2147483647','1','0','1430639965','20150503','0.00','0.00','','0','0','0'),('75','20150503000029','0','0.00','0.00','2147483600','1.00','2147483647','1','0','1430639804','20150503','0.00','0.00','','0','0','0'),('74','20150503000028','0','0.00','0.00','2147483600','1.00','2147483647','1','0','1430639510','20150503','0.00','0.00','','0','0','0'),('73','20150503000027','0','0.00','0.00','2147483600','1.00','2147483647','1','0','1430639134','20150503','0.00','0.00','','0','0','0'),('72','20150503000026','0','0.00','0.00','2147483600','1.00','2147483647','1','0','1430639078','20150503','0.00','0.00','','0','0','0'),('71','20150503000025','0','0.00','0.00','2147483600','1.00','2147483647','1','0','1430639005','20150503','0.00','0.00','','0','0','0'),('70','20150503000024','0','0.00','0.00','2147483600','1.00','2147483647','1','0','1430638867','20150503','0.00','0.00','','0','0','0'),('69','20150503000023','0','0.00','0.00','2147483600','1.00','2147483647','1','0','1430638850','20150503','0.00','0.00','','0','0','0'),('68','20150503000022','0','0.00','0.00','2147483600','1.00','2147483647','1','0','1430638841','20150503','0.00','0.00','','0','0','0'),('67','20150503000021','0','0.00','0.00','2147483600','1.00','2147483647','1','0','1430638429','20150503','0.00','0.00','','0','0','0'),('66','20150503000020','0','0.00','0.00','2147483600','1.00','2147483647','1','0','1430638217','20150503','0.00','0.00','','0','0','0'),('65','20150503000019','0','0.00','0.00','2147483600','1.00','2147483647','1','0','1430638182','20150503','0.00','0.00','','0','0','0'),('64','20150503000018','0','0.00','0.00','2147483600','1.00','2147483647','1','0','1430638126','20150503','0.00','0.00','','0','0','0'),('63','20150503000017','0','0.00','0.00','2147483600','1.00','2147483647','1','0','1430638116','20150503','0.00','0.00','','0','0','0'),('62','20150503000016','0','0.00','0.00','2147483600','1.00','2147483647','1','0','1430638085','20150503','0.00','0.00','','0','0','0'),('61','20150503000015','0','0.00','0.00','2147483600','1.00','2147483647','1','0','1430638066','20150503','0.00','0.00','','0','0','0'),('60','20150503000014','0','0.00','0.00','2147483600','1.00','2147483647','1','0','1430638043','20150503','0.00','0.00','','0','0','0'),('59','20150503000013','0','0.00','0.00','2147483600','1.00','2147483647','1','0','1430637929','20150503','0.00','0.00','','0','0','0'),('58','20150503000012','0','0.00','0.00','2147483600','1.00','2147483647','1','0','1430637885','20150503','0.00','0.00','','0','0','0'),('57','20150503000011','0','0.00','0.00','2147483600','1.00','2147483647','1','0','1430632676','20150503','0.00','0.00','','0','0','0'),('56','20150503000010','0','0.00','0.00','4700','0.80','5900','1','3','1430632666','20150503','143118.00','0.00','王大妈天天来','0','0','0'),('55','20150503000009','0','0.00','0.00','2147483600','1.00','2147483647','1','0','1430630234','20150503','0.00','0.00','','0','0','0'),('54','20150503000008','0','0.00','0.00','2147483600','1.00','2147483647','1','0','1430630162','20150503','0.00','0.00','','0','0','0'),('53','20150503000007','0','0.00','0.00','2147483600','1.00','2147483647','1','0','1430630025','20150503','0.00','0.00','','0','0','0'),('52','20150503000006','0','0.00','0.00','2147483600','1.00','2147483647','1','0','1430629943','20150503','0.00','0.00','','0','0','0'),('51','20150503000005','0','0.00','0.00','199900','1.00','199900','1','0','1430629860','20150503','0.00','0.00','','0','0','0'),('50','20150503000004','0','0.00','0.00','10100','1.00','10100','1','0','1430629538','20150503','0.00','0.00','','0','0','0'),('49','20150503000003','0','0.00','0.00','2147483600','1.00','2147483647','1','0','1430629308','20150503','0.00','0.00','','0','0','0'),('48','20150503000002','0','0.00','0.00','4700','0.80','5900','1','3','1430628951','20150503','143118.00','0.00','王大妈天天来','0','0','0'),('47','20150503000001','0','0.00','0.00','4700','0.80','5900','1','3','1430627810','20150503','143118.00','0.00','王大妈天天来','0','0','0'),('46','20150502000004','0','0.00','0.00','390000','1.00','390000','1','2','1430546863','20150502','193790.00','0.00','','0','0','0'),('45','20150502000003','0','0.00','0.00','300000','1.00','390000','1','0','1430545047','20150502','0.00','0.00','','390000','0','0'),('44','20150502000002','0','0.00','0.00','234','1.00','2147483647','1','0','1430544948','20150502','0.00','0.00','','2147483600','0','0'),('43','20150502000001','0','0.00','0.00','390000','1.00','390000','1','0','1430542271','20150502','0.00','0.00','','0','0','0'),('42','20150501000006','0','0.00','0.00','168000','0.80','210000','1','2','1430451546','20150501','193790.00','0.00','','0','0','0'),('41','20150501000005','0','0.00','0.00','8100','0.80','0','1','5','1430450807','20150501','0.00','0.00','','0','0','0'),('40','20150501000004','0','0.00','0.00','8080','0.80','0','1','4','1430450260','20150501','0.00','0.00','','0','0','0'),('39','20150501000003','0','0.00','0.00','12928','0.80','0','1','4','1430449578','20150501','0.00','0.00','','0','0','0'),('38','20150501000002','0','0.00','0.00','134400','0.80','0','1','0','1430449207','20150501','0.00','0.00','','0','0','0'),('37','20150501000001','0','0.00','0.00','170100','0.90','0','1','0','1430447164','20150501','0.00','0.00','','0','0','0'),('36','20150419000001','0','0.00','0.00','2147483647','1.00','0','1','5','1429435804','20150419','0.00','0.00','测试备注','0','0','0'),('35','20150412000003','300','0.00','10.00','4872','1.00','0','1','3','1428845591','20150412','141956.00','0.00','','0','0','0'),('34','20150412000002','0','0.00','0.00','220000','1.00','0','1','6','1428843110','20150412','0.00','0.00','','0','0','0'),('33','20150412000001','3010','0.00','100.33','149887','1.00','0','1','3','1428819433','20150412','100000.00','0.00','','0','0','0'),('32','20150411000009','0','0.00','0.00','10100','1.00','0','1','0','1428760083','20150411','0.00','0.00','','0','0','0'),('31','20150411000008','0','0.00','0.00','10100','1.00','0','1','0','1428759747','20150411','0.00','0.00','','0','0','0'),('30','20150411000007','0','0.00','0.00','199900','1.00','0','1','0','1428759634','20150411','0.00','0.00','','0','0','0'),('29','20150411000006','300','0.00','10.00','209000','1.00','0','1','2','1428759001','20150411','131390.00','0.00','','0','0','0'),('28','20150411000005','300','0.00','10.00','219100','1.00','0','1','2','1428758765','20150411','65960.00','0.00','','0','0','0'),('27','20150411000004','35','613.00','1.17','148483','1.00','0','1','2','1428738596','20150411','3060.00','613.00','','0','0','0'),('26','20150411000003','35','0.00','117.00','9983','1.00','0','1','2','1428736845','20150411','0.00','0.00','','0','0','0'),('25','20150411000002','30','0.00','100.00','10000','1.00','0','1','2','1428736668','20150411','0.00','0.00','','0','0','0'),('24','20150411000001','350','0.00','1167.00','198733','1.00','0','1','2','1428736229','20150411','0.00','0.00','','0','0','0'),('23','20150406000023','270','1900.00','0.00','9000','1.00','0','1','2','1428314534','20150406','0.00','0.00','','0','0','0'),('22','20150406000022','270','99.99','0.00','9000','1.00','0','1','2','1428314377','20150406','0.00','0.00','','0','0','0'),('21','20150406000021','270','99.99','0.00','0','1.00','0','1','2','1428314191','20150406','0.00','0.00','','0','0','0'),('20','20150406000020','90','0.00','0.00','199600','1.00','0','1','2','1428314081','20150406','0.00','0.00','','0','0','0'),('19','20150406000019','270','0.00','0.00','172900','1.00','0','1','2','1428313611','20150406','0.00','0.00','','0','0','0'),('18','20150406000018','270','0.00','0.00','199891','1.00','0','1','2','1428313240','20150406','0.00','0.00','','0','0','0'),('17','20150406000017','120','99.99','0.00','0','1.00','0','1','2','1428312303','20150406','0.00','0.00','','0','0','0'),('16','20150406000016','120','99.99','0.00','0','1.00','0','1','2','1428311894','20150406','0.00','0.00','','0','0','0'),('15','20150406000015','0','31.50','0.00','0','1.00','0','1','2','1428310093','20150406','0.00','0.00','','0','0','0'),('14','20150406000014','0','31.50','0.00','0','1.00','0','1','2','1428310016','20150406','0.00','0.00','','0','0','0'),('13','20150406000013','0','31.50','0.00','0','1.00','0','1','2','1428309963','20150406','0.00','0.00','','0','0','0'),('12','20150406000012','0','31.50','0.00','0','1.00','0','1','2','1428309837','20150406','0.00','0.00','','0','0','0'),('11','20150406000011','0','74.00','0.00','0','1.00','0','1','2','1428309107','20150406','0.00','0.00','','0','0','0'),('10','20150406000010','0','99.99','0.00','0','1.00','0','1','2','1428307514','20150406','0.00','0.00','','0','0','0'),('9','20150406000009','0','0.00','0.00','162650','1.00','0','1','2','1428306931','20150406','0.00','0.00','','0','0','0'),('8','20150406000008','76','99.99','0.00','10198','1.00','0','1','2','1428304964','20150406','0.00','0.00','','0','0','0'),('7','20150406000007','0','0.00','0.00','49975','0.50','0','1','0','1428300726','20150406','0.00','0.00','','0','0','0'),('6','20150406000006','0','0.00','0.00','199900','1.00','0','1','0','1428300581','20150406','0.00','0.00','','0','0','0'),('5','20150406000005','0','0.00','0.00','360','0.00','0','1','0','1428299865','20150406','0.00','0.00','','0','0','0'),('4','2147483647','0','0.00','0.00','1999','1.00','0','1','2','1428293651','20150406','0.00','0.00','','0','0','0'),('3','2147483647','0','0.00','0.00','1999','1.00','0','1','0','1428293628','20150406','0.00','0.00','','0','0','0'),('2','2147483647','0','0.00','0.00','101','1.00','0','1','4','1428293384','20150406','0.00','0.00','','0','0','0'),('1','2147483647','0','0.00','0.00','1599','1.00','0','1','2','1428292662','20150406','0.00','0.00','','0','0','0');

insert into billsitem(id,bid,bno,proId,num,discount,price,staffid,memberId,tm) values 
('178','146','20150510000008','6','1','1.00','20000','1','4','1431244924'),('177','145','20150510000007','6','1','1.00','20000','1','4','1431244803'),('176','144','20150510000006','6','1','1.00','20000','1','4','1431244719'),('175','143','20150510000005','6','1','1.00','20000','1','4','1431243686'),('174','142','20150510000004','6','1','1.00','20000','1','4','1431243513'),('173','141','20150510000003','6','1','1.00','20000','1','4','1431243199'),('172','140','20150510000002','6','1','1.00','20000','1','4','1431243137'),('171','139','20150510000001','6','1','1.00','20000','1','4','1431242944'),('170','138','20150509000010','5','1','0.80','312000','1','7','1431169985'),('169','137','20150509000009','5','1','0.80','312000','1','7','1431169974'),('168','136','20150509000008','5','1','0.80','312000','1','7','1431169902'),('167','135','20150509000007','5','1','0.80','312000','1','7','1431168643'),('166','134','20150509000006','5','1','0.80','312000','1','7','1431168478'),('165','133','20150509000005','5','1','0.80','312000','1','7','1431168439'),('164','132','20150509000004','5','1','0.80','312000','1','7','1431168330'),('163','131','20150509000003','5','1','0.80','312000','1','7','1431168280'),('162','130','20150509000002','5','1','0.80','312000','1','7','1431168258'),('161','129','20150509000001','5','1','0.80','312000','1','7','1431168234'),('160','128','20150503000081','6','1','1.00','2147483647','1','4','1430653280'),('159','127','20150503000080','6','1','1.00','2147483647','1','0','1430653231'),('158','126','20150503000079','6','1','1.00','2147483647','1','0','1430653209'),('157','125','20150503000078','6','1','1.00','2147483647','1','0','1430653158'),('156','124','20150503000077','6','1','1.00','2147483647','1','0','1430653112'),('155','123','20150503000076','6','1','1.00','2147483647','1','0','1430653080'),('154','122','20150503000075','5','1','0.80','312000','1','7','1430652269'),('153','121','20150503000074','5','1','0.80','312000','1','7','1430652250'),('152','120','20150503000073','5','1','0.80','312000','1','7','1430652191'),('151','119','20150503000072','7','1','1.00','2500','1','6','1430651279'),('150','118','20150503000071','5','1','0.80','312000','1','7','1430651043'),('148','116','20150503000070','7','1','0.90','2250','1','6','1430646966'),('147','116','20150503000070','5','1','0.90','351000','1','6','1430646966'),('146','115','20150503000069','9','1','0.88','5192','1','7','1430646772'),('145','114','20150503000068','9','2','1.00','11800','1','2','1430644426'),('144','114','20150503000068','8','2','1.00','9000','1','2','1430644426'),('143','113','20150503000067','9','2','1.00','11800','1','2','1430644365'),('142','113','20150503000067','8','2','1.00','9000','1','2','1430644365'),('141','112','20150503000066','9','2','1.00','11800','1','2','1430644217'),('140','112','20150503000066','8','2','1.00','9000','1','2','1430644217'),('139','111','20150503000065','9','2','1.00','11800','1','2','1430644199'),('138','111','20150503000065','8','2','1.00','9000','1','2','1430644199'),('137','110','20150503000064','9','2','1.00','11800','1','2','1430644129'),('136','110','20150503000064','8','2','1.00','9000','1','2','1430644129'),('135','109','20150503000063','9','2','1.00','11800','1','2','1430644085'),('134','109','20150503000063','8','2','1.00','9000','1','2','1430644085'),('133','108','20150503000062','9','2','1.00','11800','1','2','1430644062'),('132','108','20150503000062','8','2','1.00','9000','1','2','1430644062'),('131','107','20150503000061','9','2','1.00','11800','1','2','1430643750'),('130','107','20150503000061','8','2','1.00','9000','1','2','1430643750'),('129','106','20150503000060','9','2','1.00','11800','1','2','1430643640'),('128','106','20150503000060','8','2','1.00','9000','1','2','1430643640'),('127','105','20150503000059','5','1','1.00','390000','1','7','1430643538'),('126','104','20150503000058','5','1','1.00','390000','1','4','1430643262'),('125','103','20150503000057','5','1','1.00','390000','1','0','1430643241'),('124','102','20150503000056','5','1','1.00','390000','1','0','1430643187'),('123','101','20150503000055','5','1','1.00','390000','1','0','1430641781'),('122','100','20150503000054','5','1','1.00','390000','1','0','1430641608'),('121','99','20150503000053','5','1','1.00','390000','1','0','1430641589'),('120','98','20150503000052','5','1','1.00','390000','1','0','1430641542'),('119','97','20150503000051','5','1','1.00','390000','1','0','1430641540'),('118','96','20150503000050','5','1','1.00','390000','1','0','1430641256'),('117','95','20150503000049','5','1','1.00','390000','1','0','1430641084'),('116','94','20150503000048','5','1','1.00','390000','1','0','1430641029'),('115','93','20150503000047','5','1','1.00','390000','1','0','1430640977'),('114','92','20150503000046','5','1','1.00','390000','1','0','1430640941'),('113','91','20150503000045','5','1','1.00','390000','1','0','1430640917'),('112','90','20150503000044','5','1','1.00','390000','1','0','1430640841'),('111','89','20150503000043','5','1','1.00','390000','1','0','1430640801'),('110','88','20150503000042','5','1','1.00','390000','1','0','1430640768'),('109','87','20150503000041','5','1','1.00','390000','1','0','1430640672'),('108','86','20150503000040','5','1','1.00','390000','1','0','1430640617'),('107','85','20150503000039','5','1','1.00','390000','1','2','1430640372'),('106','84','20150503000038','6','1','1.00','2147483647','1','0','1430640368'),('105','83','20150503000037','6','1','1.00','2147483647','1','0','1430640363'),('104','82','20150503000036','5','1','1.00','390000','1','0','1430640329'),('103','81','20150503000035','5','1','1.00','390000','1','0','1430640287'),('102','80','20150503000034','5','1','1.00','390000','1','0','1430640243'),('101','79','20150503000033','6','1','1.00','2147483647','1','0','1430640236'),('100','78','20150503000032','5','1','1.00','390000','1','0','1430640117'),('99','77','20150503000031','5','1','1.00','390000','1','0','1430640061'),('98','76','20150503000030','6','1','1.00','2147483647','1','0','1430639965'),('97','75','20150503000029','6','1','1.00','2147483647','1','0','1430639804'),('96','74','20150503000028','6','1','1.00','2147483647','1','0','1430639510'),('95','73','20150503000027','6','1','1.00','2147483647','1','0','1430639134'),('94','72','20150503000026','6','1','1.00','2147483647','1','0','1430639078'),('93','71','20150503000025','6','1','1.00','2147483647','1','0','1430639005'),('92','70','20150503000024','6','1','1.00','2147483647','1','0','1430638867'),('91','69','20150503000023','6','1','1.00','2147483647','1','0','1430638850'),('90','68','20150503000022','6','1','1.00','2147483647','1','0','1430638841'),('89','67','20150503000021','6','1','1.00','2147483647','1','0','1430638429'),('88','66','20150503000020','6','1','1.00','2147483647','1','0','1430638217'),('87','65','20150503000019','6','1','1.00','2147483647','1','0','1430638182'),('86','64','20150503000018','6','1','1.00','2147483647','1','0','1430638126'),('85','63','20150503000017','6','1','1.00','2147483647','1','0','1430638116'),('84','62','20150503000016','6','1','1.00','2147483647','1','0','1430638085'),('83','61','20150503000015','6','1','1.00','2147483647','1','0','1430638066'),('82','60','20150503000014','6','1','1.00','2147483647','1','0','1430638043'),('81','59','20150503000013','6','1','1.00','2147483647','1','0','1430637929'),('80','58','20150503000012','6','1','1.00','2147483647','1','0','1430637885'),('79','57','20150503000011','6','1','1.00','2147483647','1','0','1430632676'),('78','56','20150503000010','9','1','1.00','5900','1','3','1430632666'),('77','55','20150503000009','6','1','1.00','2147483647','1','0','1430630234'),('76','54','20150503000008','6','1','1.00','2147483647','1','0','1430630162'),('75','53','20150503000007','6','1','1.00','2147483647','1','0','1430630025'),('74','52','20150503000006','6','1','1.00','2147483647','1','0','1430629943'),('73','51','20150503000005','2','1','1.00','199900','1','0','1430629860'),('72','50','20150503000004','1','1','1.00','10100','1','0','1430629538'),('71','49','20150503000003','6','1','1.00','2147483647','1','0','1430629308'),('70','48','20150503000002','9','1','1.00','5900','1','3','1430628951'),('69','47','20150503000001','9','1','0.80','4720','1','3','1430627810'),('68','46','20150502000004','5','1','1.00','390000','1','2','1430546863'),('67','45','20150502000003','5','1','1.00','390000','1','0','1430545047'),('66','44','20150502000002','6','1','1.00','2147483647','1','0','1430544948'),('65','43','20150502000001','5','1','1.00','390000','1','0','1430542271'),('64','42','20150501000006','2','1','0.80','159920','1','2','1430451546'),('63','42','20150501000006','1','1','0.80','8080','1','2','1430451546'),('62','41','20150501000005','1','1','0.80','8080','1','0','1430450807'),('61','40','20150501000004','1','1','0.80','8080','1','0','1430450260'),('60','39','20150501000003','1','1','0.80','8080','1','4','1430449578'),('59','39','20150501000003','1','1','0.80','8080','1','4','1430449578'),('58','38','20150501000002','2','1','0.80','159920','1','0','1430449207'),('57','38','20150501000002','1','1','0.80','8080','1','0','1430449207'),('56','37','20150501000001','2','1','0.90','179910','1','0','1430447164'),('55','37','20150501000001','1','1','0.90','9090','1','0','1430447164'),('54','36','20150419000001','6','1','1.00','2147483647','1','0','1429435804'),('53','35','20150412000003','7','1','0.80','2000','1','3','1428845591'),('52','35','20150412000003','6','1','0.88','3872','1','3','1428845591'),('51','34','20150412000002','3','1','1.00','209900','1','0','1428843110'),('50','34','20150412000002','1','1','1.00','10100','1','0','1428843110'),('49','33','20150412000001','2','1','0.80','159920','1','3','1428819433'),('48','32','20150411000009','1','1','1.00','10100','1','0','1428760083'),('47','31','20150411000008','1','1','1.00','10100','1','0','1428759747'),('46','30','20150411000007','2','1','1.00','199900','1','0','1428759634'),('45','29','20150411000006','1','1','1.00','10100','1','2','1428759001'),('44','29','20150411000006','2','1','1.00','199900','1','2','1428759001'),('43','28','20150411000005','2','1','1.00','199900','1','2','1428758765'),('42','28','20150411000005','1','1','1.00','10100','1','2','1428758765'),('41','28','20150411000005','1','1','1.00','10100','1','5','1428758765'),('40','27','20150411000004','3','1','1.00','209900','1','4','1428738596'),('39','26','20150411000003','1','1','1.00','10100','1','2','1428736845'),('38','25','20150411000002','1','1','1.00','10100','1','2','1428736668'),('37','24','20150411000001','2','1','1.00','199900','1','2','1428736229'),('36','23','20150406000023','2','1','1.00','199900','1','5','1428314534'),('35','22','20150406000022','2','1','1.00','199900','1','2','1428314377'),('34','21','20150406000021','2','1','1.00','199900','1','6','1428314191'),('33','20','20150406000020','2','1','1.00','199900','1','2','1428314081'),('32','19','20150406000019','2','1','1.00','199900','1','2','1428313611'),('31','18','20150406000018','2','1','1.00','199900','1','2','1428313240'),('30','17','20150406000017','1','1','1.00','10100','1','2','1428312303'),('29','16','20150406000016','1','1','1.00','10100','1','2','1428311894'),('28','15','20150406000015','4','1','1.00','1050','1','2','1428310093'),('27','15','20150406000015','4','1','1.00','1050','1','2','1428310093'),('26','15','20150406000015','4','1','1.00','1050','1','2','1428310093'),('25','14','20150406000014','4','1','1.00','1050','1','2','1428310016'),('24','14','20150406000014','4','1','1.00','1050','1','2','1428310016'),('23','14','20150406000014','4','1','1.00','1050','1','2','1428310016'),('22','13','20150406000013','4','3','1.00','3150','1','2','1428309963'),('21','12','20150406000012','4','3','1.00','3150','1','2','1428309837'),('20','11','20150406000011','4','1','1.00','1050','1','2','1428309107'),('19','11','20150406000011','4','1','1.00','1050','1','2','1428309107'),('18','11','20150406000011','4','1','1.00','1050','1','2','1428309107'),('17','11','20150406000011','4','1','1.00','1050','1','2','1428309107'),('16','11','20150406000011','4','1','1.00','1050','1','2','1428309107'),('15','11','20150406000011','4','1','1.00','1050','1','2','1428309107'),('14','11','20150406000011','4','1','1.00','1050','1','2','1428309107'),('13','10','20150406000010','2','2','0.80','319840','1','2','1428307514'),('12','9','20150406000009','4','1','1.00','1050','1','2','1428306931'),('11','9','20150406000009','4','2','0.80','1680','1','2','1428306931'),('10','9','20150406000009','2','1','0.80','159920','1','2','1428306931'),('9','8','20150406000008','1','1','1.00','10100','1','2','1428304964'),('8','8','20150406000008','1','1','1.00','10100','1','2','1428304964'),('7','7','20150406000007','2','1','0.50','99950','1','0','1428300726'),('6','6','20150406000006','2','1','99.99','199900','1','0','1428300581'),('5','5','20150406000005','2','2','30.00','1199','1','0','1428299865'),('4','4','20150406000004','2','1','99.99','1999','1','2','1428293651'),('3','3','20150406000003','2','1','99.99','1999','1','0','1428293628'),('2','2','2147483647','1','1','99.99','101','1','4','1428293384'),('1','1','2147483647','2','1','99.99','1999','1','2','1428292662');

insert into member(id,name,phone,cateId,byear,bmonth,bday,addTm,score,balance,remark,introducer,introducerId,allsum) values 
('7','李四','123','2','2015','12','1','1430647772','252720','10','李四123','13512026125','0','31200'),('6','张三','123456','1','2015','0','0','1430647550','106740','0','','','0','0'),('5','刘三姐','123456789','1','0','0','0','1430534671','30','0','','','0','0'),('4','王二小','13512026127','1','1984','9','24','1429447966','-840','15','','','0','360'),('3','刘大姐','13512026126','2','0','0','0','1428310204','143118','0','就是住在隔壁','','0','0'),('2','王大妈','13512026125','1','1984','9','24','1427616746','222650','0','','','0','0');

insert into membercate(id,name,discount) values 
('2','超级会员','0.80'),('1','普通会员','1.00');

insert into options(id,name,cnName,value,isInt) values 
('8','MinCheckoutScore','积分兑换最低分值','300','1'),('7','MemberParentRatio','介绍人获得积分比例','2','0'),('6','DuihuanRatio','积分兑换现金比率','30','1'),('5','SysId','系统ID唯一标示','AndyouZhongBei','0'),('4','PrintEndTitle','打印条底部标题','加微信13820087651获得最新发型','0'),('3','PrintSubTitle','打印条的副标题','一次消费长期免费盘发化妆！','0'),('2','SysName','系统名','安之秀中北物美店','0'),('1','ScoreRatio','消费变换积分比率','1','1');

insert into product(id,name,code,cateId,price,inPrice,stock,score,discut,addtm,canByScore) values 
('10','微管理下册','9787121228865','4','1000000','500000','1','0','0.00','1430627671','1'),('9','微管理','9787121228865','4','5900','4600','0','0','0.00','1430627451','0'),('8','从0到1','9787508649719','4','4500','3000','0','0','0.00','1430627217','0'),('7','耳钉','33','1','2500','1000','7','0','0.00','1428801022','0'),('6','口红','22','3','20000','2147483647','0','0','0.00','1428800985','1'),('5','眼线液笔无折扣','11','3','390000','100000','0','0','0.00','1428800953','0'),('4','小米手机壳','12345678890233233','2','1050','550','100','0','0.00','1428298112','0'),('3','小米手机M4(联通4G)','12345678890233231','2','20990000','21990000','9','0','0.00','1428297879','0'),('2','小米手机M4(移动4G)','12345678890233232','1','199900','199900','4','1','0.00','1428285366','0'),('1','小米手机M4','12345678890233232','1','10100','1000','6','1','0.00','1427630648','0');

insert into productcate(id,name) values 
('4','书'),('3','彩妆'),('2','手机'),('1','耳钉');

insert into staff(id,name,inDate,byear,bmonth,bday,cateId,salary,percentage) values 
('1','仲伟涛','2014-12-01 00:00:00','1984','9','24','1','0','0');

insert into staffcate(id,name,salary,percentage) values 
('1','普通员工','150000','10');